rank,country,GDP,obesityRate
1,Kuwait,1.0596E+11,37.9
2,United States of America,2.08937E+13,36.2
3,Jordan,43697659296,35.5
4,Saudi Arabia,7.00118E+11,35.4
5,Qatar,1.44411E+11,35.1
6,Lebanon,31735217785,33.7
7,Libya,25418916029,32.5
8,Turkey,7.19955E+11,32.1
9,Egypt,3.65253E+11,32
10,United Arab Emirates,3.58869E+11,31.7
