rank,country,imfGDP
1,United States,24.13457185
2,China,16.81745891
3,Japan,5.97481268
4,Germany,4.519766149
5,India,3.541907036
6,United Kingdom,3.182423673
7,France,3.126942073
8,Italy,2.272810298
9,Brazil,2.242422081
10,Canada,1.992347171
11,Rest,32.19453808
